INSERT INTO VENDOR (ID,CREATION_TIME_STAMP,LAST_UPDATED_TIME_STAMP,CODE,DESCRIPTION,NAME,GST_NUMBER,BANK_DETAILS,ACTIVE_FLAG,APPROVAL_STATUS,VISIBILITY) VALUES(1, systimestamp, systimestamp, 'CHAMANKNIT', 'CHAMANKNIT', 'CHAMANKNIT', 'FF1223343434', 1, TRUE, 0, TRUE);
INSERT INTO VENDOR (ID,CREATION_TIME_STAMP,LAST_UPDATED_TIME_STAMP,CODE,DESCRIPTION,NAME,GST_NUMBER,BANK_DETAILS,ACTIVE_FLAG,APPROVAL_STATUS,VISIBILITY) VALUES(2, systimestamp, systimestamp, 'DURGA TRADERS', 'DURGA TRADERS', 'DURGA TRADERS', 'EE1223343435', 2, TRUE, 0, TRUE);
INSERT INTO VENDOR (ID,CREATION_TIME_STAMP,LAST_UPDATED_TIME_STAMP,CODE,DESCRIPTION,NAME,GST_NUMBER,BANK_DETAILS,ACTIVE_FLAG,APPROVAL_STATUS,VISIBILITY) VALUES(3, systimestamp, systimestamp, 'TARLOKNATH AND CO', 'TARLOKNATH AND CO', 'TARLOKNATH AND CO', 'DD1223343436', 3, TRUE, 0, TRUE);
INSERT INTO VENDOR (ID,CREATION_TIME_STAMP,LAST_UPDATED_TIME_STAMP,CODE,DESCRIPTION,NAME,GST_NUMBER,BANK_DETAILS,ACTIVE_FLAG,APPROVAL_STATUS,VISIBILITY) VALUES(4, systimestamp, systimestamp, 'SHUBASH CHANDER AND CO', 'SHUBASH CHANDER AND CO', 'SHUBASH CHANDER AND CO', 'CC1223343437', 4, TRUE, 0, TRUE);
INSERT INTO VENDOR (ID,CREATION_TIME_STAMP,LAST_UPDATED_TIME_STAMP,CODE,DESCRIPTION,NAME,GST_NUMBER,BANK_DETAILS,ACTIVE_FLAG,APPROVAL_STATUS,VISIBILITY) VALUES(5, systimestamp, systimestamp, 'GOPINATH TEXTILES', 'GOPINATH TEXTILES', 'GOPINATH TEXTILES', 'AA223343438', 5, TRUE, 0, TRUE);
INSERT INTO VENDOR (ID,CREATION_TIME_STAMP,LAST_UPDATED_TIME_STAMP,CODE,DESCRIPTION,NAME,GST_NUMBER,BANK_DETAILS,ACTIVE_FLAG,APPROVAL_STATUS,VISIBILITY) VALUES(6, systimestamp, systimestamp, 'SUREKHA DESIGNS PVT.LTD', 'SUREKHA DESIGNS PVT.LTD', 'SUREKHA DESIGNS PVT.LTD', 'BB1223343439', 6, TRUE, 0, TRUE);

INSERT INTO BANK_DETAILS    (ID,CREATION_TIME_STAMP,LAST_UPDATED_TIME_STAMP,ACCOUNT_HOLDER_NAME,ACCOUNT_NUMBER,ACCOUNT_TYPE,BANK_BRANCH,BANK_NAME,IFSC_CODE,VENDOR_FK) VALUES(1, systimestamp, systimestamp, 'CHAMANKNIT', 'HDFC1212I12333', 'SAVINGS', 'BANDRA', 'HDFCBANK', 'HDFC0004345', 1);
INSERT INTO BANK_DETAILS    (ID,CREATION_TIME_STAMP,LAST_UPDATED_TIME_STAMP,ACCOUNT_HOLDER_NAME,ACCOUNT_NUMBER,ACCOUNT_TYPE,BANK_BRANCH,BANK_NAME,IFSC_CODE,VENDOR_FK) VALUES(2, systimestamp, systimestamp, 'DURGA TRADERS', 'HDFC1212I12334', 'SAVINGS', 'BANDRA', 'HDFCBANK', 'HDFC0004345', 2);
INSERT INTO BANK_DETAILS    (ID,CREATION_TIME_STAMP,LAST_UPDATED_TIME_STAMP,ACCOUNT_HOLDER_NAME,ACCOUNT_NUMBER,ACCOUNT_TYPE,BANK_BRANCH,BANK_NAME,IFSC_CODE,VENDOR_FK) VALUES(3, systimestamp, systimestamp, 'TARLOKNATH AND CO', 'HDFC1212I12335', 'SAVINGS', 'BANDRA', 'HDFCBANK', 'HDFC0004345', 3);
INSERT INTO BANK_DETAILS    (ID,CREATION_TIME_STAMP,LAST_UPDATED_TIME_STAMP,ACCOUNT_HOLDER_NAME,ACCOUNT_NUMBER,ACCOUNT_TYPE,BANK_BRANCH,BANK_NAME,IFSC_CODE,VENDOR_FK) VALUES(4, systimestamp, systimestamp, 'SHUBASH CHANDER AND CO', 'HDFC1212I12336', 'SAVINGS', 'BANDRA', 'HDFCBANK', 'HDFC0004345', 4);
INSERT INTO BANK_DETAILS    (ID,CREATION_TIME_STAMP,LAST_UPDATED_TIME_STAMP,ACCOUNT_HOLDER_NAME,ACCOUNT_NUMBER,ACCOUNT_TYPE,BANK_BRANCH,BANK_NAME,IFSC_CODE,VENDOR_FK) VALUES(5, systimestamp, systimestamp, 'GOPINATH TEXTILES', 'HDFC1212I12337', 'SAVINGS', 'BANDRA', 'HDFCBANK', 'HDFC0004345', 5);
INSERT INTO BANK_DETAILS    (ID,CREATION_TIME_STAMP,LAST_UPDATED_TIME_STAMP,ACCOUNT_HOLDER_NAME,ACCOUNT_NUMBER,ACCOUNT_TYPE,BANK_BRANCH,BANK_NAME,IFSC_CODE,VENDOR_FK) VALUES(6, systimestamp, systimestamp, 'SUREKHA DESIGNS PVT.LTD', 'HDFC1212I12338', 'SAVINGS', 'BANDRA', 'HDFCBANK', 'HDFC0004345', 6);

INSERT INTO CONTACT_INFO    (ID,CREATION_TIME_STAMP,LAST_UPDATED_TIME_STAMP,CONTACT_PERSON,EMAIL,VENDOR_FK) VALUES(1, systimestamp, systimestamp, 'vishal', 'vishal@gmail.com', 1);
INSERT INTO CONTACT_INFO    (ID,CREATION_TIME_STAMP,LAST_UPDATED_TIME_STAMP,CONTACT_PERSON,EMAIL,VENDOR_FK) VALUES(2, systimestamp, systimestamp, 'shashwat', 'shashwat@gmail.com', 2);
INSERT INTO CONTACT_INFO    (ID,CREATION_TIME_STAMP,LAST_UPDATED_TIME_STAMP,CONTACT_PERSON,EMAIL,VENDOR_FK) VALUES(3, systimestamp, systimestamp, 'utkarsh', 'utkarsh@gmail.com', 3);
INSERT INTO CONTACT_INFO   (ID,CREATION_TIME_STAMP,LAST_UPDATED_TIME_STAMP,CONTACT_PERSON,EMAIL,VENDOR_FK) VALUES(4, systimestamp, systimestamp, 'vishal01', 'vishal01@gmail.com', 4);
INSERT INTO CONTACT_INFO    (ID,CREATION_TIME_STAMP,LAST_UPDATED_TIME_STAMP,CONTACT_PERSON,EMAIL,VENDOR_FK) VALUES(5, systimestamp, systimestamp, 'shashwat1', 'shashwat1@gmail.com', 5);
INSERT INTO CONTACT_INFO    (ID,CREATION_TIME_STAMP,LAST_UPDATED_TIME_STAMP,CONTACT_PERSON,EMAIL,VENDOR_FK) VALUES(6, systimestamp, systimestamp, 'utkarsh01', 'utkarsh01@gmail.com', 6);

INSERT INTO PHONE_NUMBER    (ID,CREATION_TIME_STAMP,LAST_UPDATED_TIME_STAMP,PHONE_EXTENSION,PHONE_NUMBER,PHONE_TYPE,CONTACT_INFO_FK) VALUES(1, systimestamp, systimestamp, 91, 870057114, 'MOBILE', 1);
INSERT INTO PHONE_NUMBER    (ID,CREATION_TIME_STAMP,LAST_UPDATED_TIME_STAMP,PHONE_EXTENSION,PHONE_NUMBER,PHONE_TYPE,CONTACT_INFO_FK) VALUES(2, systimestamp, systimestamp, 91, 870057187, 'MOBILE', 1);
INSERT INTO PHONE_NUMBER    (ID,CREATION_TIME_STAMP,LAST_UPDATED_TIME_STAMP,PHONE_EXTENSION,PHONE_NUMBER,PHONE_TYPE,CONTACT_INFO_FK) VALUES(3, systimestamp, systimestamp, 91, 870057184, 'MOBILE', 2);
INSERT INTO PHONE_NUMBER    (ID,CREATION_TIME_STAMP,LAST_UPDATED_TIME_STAMP,PHONE_EXTENSION,PHONE_NUMBER,PHONE_TYPE,CONTACT_INFO_FK) VALUES(4, systimestamp, systimestamp, 91, 7532025386, 'MOBILE', 3);
INSERT INTO PHONE_NUMBER    (ID,CREATION_TIME_STAMP,LAST_UPDATED_TIME_STAMP,PHONE_EXTENSION,PHONE_NUMBER,PHONE_TYPE,CONTACT_INFO_FK) VALUES(5, systimestamp, systimestamp, 91, 870057115, 'MOBILE', 4);
INSERT INTO PHONE_NUMBER    (ID,CREATION_TIME_STAMP,LAST_UPDATED_TIME_STAMP,PHONE_EXTENSION,PHONE_NUMBER,PHONE_TYPE,CONTACT_INFO_FK) VALUES(6, systimestamp, systimestamp, 91, 870057116, 'MOBILE', 4);
INSERT INTO PHONE_NUMBER    (ID,CREATION_TIME_STAMP,LAST_UPDATED_TIME_STAMP,PHONE_EXTENSION,PHONE_NUMBER,PHONE_TYPE,CONTACT_INFO_FK) VALUES(7, systimestamp, systimestamp, 91, 870057174, 'MOBILE', 4);
INSERT INTO PHONE_NUMBER    (ID,CREATION_TIME_STAMP,LAST_UPDATED_TIME_STAMP,PHONE_EXTENSION,PHONE_NUMBER,PHONE_TYPE,CONTACT_INFO_FK) VALUES(8, systimestamp, systimestamp, 91, 870057194, 'MOBILE', 5);
INSERT INTO PHONE_NUMBER    (ID,CREATION_TIME_STAMP,LAST_UPDATED_TIME_STAMP,PHONE_EXTENSION,PHONE_NUMBER,PHONE_TYPE,CONTACT_INFO_FK) VALUES(9, systimestamp, systimestamp, 91, 870057414, 'MOBILE', 6);
INSERT INTO PHONE_NUMBER    (ID,CREATION_TIME_STAMP,LAST_UPDATED_TIME_STAMP,PHONE_EXTENSION,PHONE_NUMBER,PHONE_TYPE,CONTACT_INFO_FK) VALUES(10, systimestamp, systimestamp, 91, 870057714, 'MOBILE', 6);

INSERT INTO ADDRESS (ID,CREATION_TIME_STAMP,LAST_UPDATED_TIME_STAMP,ADDRESS_LINE1,ADDRESS_LINE2,AREA_NAME,CITY_NAME,COUNTRY_CODE,COUNTRY_NAME,STATE_NAME,ZIP_CODE,CONTACT_INFO_FK) VALUES(1, systimestamp, systimestamp, 'A-39', 'CHAMANKNIT', 'indirapuram', 'ghaziabad', 'in', 'INDIA', 'UTTAR PRADESH', 201307, 1);
INSERT INTO ADDRESS    (ID,CREATION_TIME_STAMP,LAST_UPDATED_TIME_STAMP,ADDRESS_LINE1,ADDRESS_LINE2,AREA_NAME,CITY_NAME,COUNTRY_CODE,COUNTRY_NAME,STATE_NAME,ZIP_CODE,CONTACT_INFO_FK) VALUES(2, systimestamp, systimestamp, 'A-40', 'DURGA TRADERS', 'indirapuram', 'ghaziabad', 'in', 'INDIA', 'UTTAR PRADESH', 201307, 2);
INSERT INTO ADDRESS    (ID,CREATION_TIME_STAMP,LAST_UPDATED_TIME_STAMP,ADDRESS_LINE1,ADDRESS_LINE2,AREA_NAME,CITY_NAME,COUNTRY_CODE,COUNTRY_NAME,STATE_NAME,ZIP_CODE,CONTACT_INFO_FK) VALUES(3, systimestamp, systimestamp, 'A-41', 'TARLOKNATH AND CO', 'indirapuram', 'ghaziabad', 'in', 'INDIA', 'UTTAR PRADESH', 201307, 3);
INSERT INTO ADDRESS    (ID,CREATION_TIME_STAMP,LAST_UPDATED_TIME_STAMP,ADDRESS_LINE1,ADDRESS_LINE2,AREA_NAME,CITY_NAME,COUNTRY_CODE,COUNTRY_NAME,STATE_NAME,ZIP_CODE,CONTACT_INFO_FK) VALUES(4, systimestamp, systimestamp, 'A42', 'SHUBASH CHANDER AND CO', 'indirapuram', 'ghaziabad', 'in', 'INDIA', 'UTTAR PRADESH', 229127, 4);
INSERT INTO ADDRESS (ID,CREATION_TIME_STAMP,LAST_UPDATED_TIME_STAMP,ADDRESS_LINE1,ADDRESS_LINE2,AREA_NAME,CITY_NAME,COUNTRY_CODE,COUNTRY_NAME,STATE_NAME,ZIP_CODE,CONTACT_INFO_FK) VALUES(5, systimestamp, systimestamp, 'A43', 'GOPINATH TEXTILES', 'indirapuram', 'ghaziabad', 'in', 'INDIA', 'UTTAR PRADESH', 229127, 5);
INSERT INTO ADDRESS (ID,CREATION_TIME_STAMP,LAST_UPDATED_TIME_STAMP,ADDRESS_LINE1,ADDRESS_LINE2,AREA_NAME,CITY_NAME,COUNTRY_CODE,COUNTRY_NAME,STATE_NAME,ZIP_CODE,CONTACT_INFO_FK) VALUES(6, systimestamp, systimestamp, 'A44', 'SUREKHA DESIGNS PVT.LTD', 'indirapuram', 'ghaziabad', 'in', 'INDIA', 'UTTAR PRADESH', 229127, 6);

INSERT INTO VENDOR_PRODUCT    (VENDOR_ID,PRODUCT_ID) VALUES(1, 1);
INSERT INTO VENDOR_PRODUCT    (VENDOR_ID,PRODUCT_ID) VALUES(1, 2);
INSERT INTO VENDOR_PRODUCT    (VENDOR_ID,PRODUCT_ID) VALUES(2, 1);
INSERT INTO VENDOR_PRODUCT    (VENDOR_ID,PRODUCT_ID) VALUES(2, 2);